{
    "camera_matrix": [
        [
            7847.520304598967,
            0.0,
            1330.2880560241256
        ],
        [
            0.0,
            6206.500187415943,
            716.4081595958774
        ],
        [
            0.0,
            0.0,
            1.0
        ]
    ],
    "distortion_coefficients": [
        [
            -7.98378822661966,
            388.9013137028429,
            -0.18263704151843932,
            -0.0983848587157874,
            -9474.137178285584
        ]
    ],
    "rotation_vectors": [
        [
            [
                0.5249765216999172
            ],
            [
                -0.47791665592919697
            ],
            [
                -1.4747977511289063
            ]
        ],
        [
            [
                0.27818866179821394
            ],
            [
                -0.5076572679353795
            ],
            [
                -1.4040413464826504
            ]
        ],
        [
            [
                0.5292987271435653
            ],
            [
                -0.5443064929193318
            ],
            [
                -1.4801021138655763
            ]
        ],
        [
            [
                0.3761843215612946
            ],
            [
                -0.4349577849268848
            ],
            [
                -1.3608839662781902
            ]
        ],
        [
            [
                -0.22526351701404002
            ],
            [
                0.6049129775072791
            ],
            [
                -0.6757479896051779
            ]
        ],
        [
            [
                -0.44252766529288956
            ],
            [
                -0.7971018812700337
            ],
            [
                1.0853673676649314
            ]
        ],
        [
            [
                0.44008089798627825
            ],
            [
                0.6158121417436786
            ],
            [
                1.4675102344637756
            ]
        ],
        [
            [
                0.12149434488995106
            ],
            [
                -0.8831121772540731
            ],
            [
                -0.08796260186641645
            ]
        ],
        [
            [
                -0.4610858997169672
            ],
            [
                -0.43053661124103454
            ],
            [
                1.0890524692593317
            ]
        ],
        [
            [
                -0.21112802503074002
            ],
            [
                -0.5933737615315235
            ],
            [
                0.20298802236709945
            ]
        ],
        [
            [
                0.5168006549021642
            ],
            [
                -0.5363401494742889
            ],
            [
                -1.4807802761184954
            ]
        ],
        [
            [
                -0.19133181886934544
            ],
            [
                -0.6031783369584927
            ],
            [
                0.36770425362024195
            ]
        ],
        [
            [
                -0.16218469635016264
            ],
            [
                -0.6873622841476833
            ],
            [
                0.24236715732906391
            ]
        ],
        [
            [
                -0.04587801835934066
            ],
            [
                -0.7083917702004258
            ],
            [
                0.047843069713555106
            ]
        ],
        [
            [
                -0.008647744901904814
            ],
            [
                -0.7424533502537861
            ],
            [
                -0.02883797738863071
            ]
        ],
        [
            [
                -0.10633782247556867
            ],
            [
                -0.6460481622133931
            ],
            [
                -0.024220373865795813
            ]
        ],
        [
            [
                -0.028092836426820634
            ],
            [
                -0.7257177536870892
            ],
            [
                0.0009760718769007677
            ]
        ],
        [
            [
                0.5186322747468868
            ],
            [
                -0.532337235761747
            ],
            [
                -1.4823557408969417
            ]
        ],
        [
            [
                0.5639698675255421
            ],
            [
                -0.6445807570175226
            ],
            [
                -1.1866195599849072
            ]
        ],
        [
            [
                -0.5309717439349468
            ],
            [
                -0.5493137626358581
            ],
            [
                1.4626178430017904
            ]
        ],
        [
            [
                0.05878172923636102
            ],
            [
                -0.7511113165702851
            ],
            [
                0.04325934342678781
            ]
        ],
        [
            [
                0.09719397810000188
            ],
            [
                0.7171264307007917
            ],
            [
                -0.12311903356605114
            ]
        ],
        [
            [
                0.5160196886664675
            ],
            [
                -0.5296825797607585
            ],
            [
                -1.4798372898767265
            ]
        ]
    ],